/*
SQLyog Ultimate v8.55 
MySQL - 5.6.17 : Database - gamestore
*********************************************************************
*/

/*!40101 SET NAMES utf8 */;

/*!40101 SET SQL_MODE=''*/;

/*!40014 SET @OLD_UNIQUE_CHECKS=@@UNIQUE_CHECKS, UNIQUE_CHECKS=0 */;
/*!40014 SET @OLD_FOREIGN_KEY_CHECKS=@@FOREIGN_KEY_CHECKS, FOREIGN_KEY_CHECKS=0 */;
/*!40101 SET @OLD_SQL_MODE=@@SQL_MODE, SQL_MODE='NO_AUTO_VALUE_ON_ZERO' */;
/*!40111 SET @OLD_SQL_NOTES=@@SQL_NOTES, SQL_NOTES=0 */;
CREATE DATABASE /*!32312 IF NOT EXISTS*/`gamestore` /*!40100 DEFAULT CHARACTER SET latin1 */;

USE `gamestore`;

/*Table structure for table `game` */

DROP TABLE IF EXISTS `game`;

CREATE TABLE `game` (
  `GameID` int(11) unsigned NOT NULL AUTO_INCREMENT,
  `Name` varchar(60) DEFAULT NULL,
  `PlatformId` int(11) unsigned NOT NULL,
  `GenreId` int(11) unsigned NOT NULL,
  `Publisher` varchar(30) DEFAULT NULL,
  `Year` int(4) DEFAULT NULL,
  `Description` longtext,
  `BronzePrice` float DEFAULT NULL,
  `SilverPrice` float DEFAULT NULL,
  `GoldPrice` float DEFAULT NULL,
  `Views` int(11) DEFAULT NULL,
  `Sales` int(11) DEFAULT NULL,
  PRIMARY KEY (`GameID`),
  KEY `FK_gamePlatform` (`PlatformId`),
  KEY `FK_gameGenre` (`GenreId`),
  CONSTRAINT `FK_gameGenre` FOREIGN KEY (`GenreId`) REFERENCES `genre` (`GenreID`),
  CONSTRAINT `FK_gamePlatform` FOREIGN KEY (`PlatformId`) REFERENCES `platform` (`PlatformID`)
) ENGINE=InnoDB AUTO_INCREMENT=31 DEFAULT CHARSET=utf8;

/*Data for the table `game` */

insert  into `game`(`GameID`,`Name`,`PlatformId`,`GenreId`,`Publisher`,`Year`,`Description`,`BronzePrice`,`SilverPrice`,`GoldPrice`,`Views`,`Sales`) values (1,'EVOLVE',1,1,'2K GAMES',2015,'From the studio that brought that you Left 4 Dead, comes Evolve, where it\'s Hunt or Be Hunted. \r\n4 players team up to hunt one player who controls the beastly Goliath. \r\nEvolve the Goliath into ultimate killing machine to take down those that think they\'re hunting you.\r\nUse the harsh environment against your prey, but beware, you might fall to the flora and fauna yourself.\r\nCustomise your character with upgrades, skins and perks to become the apex predator.',69.99,66.99,64.99,10,5),(2,'THE ORDER 1886',1,1,'Sony Computer Entertainment',2015,'The Order: 1886 re-writes history by introducing a unique vision of Victorian-Era London exclusively on PlayStation 4. \r\nWield advanced weapons and gadgets in a world where technology and the supernatural collide. \r\nIntroducing a unique mythology that fuses actual history with twsits on familiar myths and legends. \r\nReal-world motion picture and cinematography techniques emphasize dramatic character performance and realism. \r\nCreated and developed by Ready At Dawn Studios, known for pushing target hardware to it\'s limits.',74.99,71.99,67.99,14,9),(4,'GRAND THEFT AUTO V',1,2,'ROCKSTAR GAMES',2015,'The current community of players will have the ability to transfer their PS3 or Xbox 360 Grand Theft Auto Online characters and progression to the PlayStation 4.\r\nExperience the world of Grand Theft Auto V like never before with the power of the PlayStation 4.\r\nExplore the City of Los Santos, the countryside and even the ocean.\r\nPlay through an epic single player experience using three very different characters.\r\nJoin your friends in GTA Online and see what trouble you can cause.\r\nPlay golf, tennis, see a film or call someone and just hang out.',74.99,71.99,67.99,35,10),(5,'DESTINY',1,2,'ACTIVISION',2015,'Destiny is an online-only title and requires access to the PlayStation Network. Some gameplay features require a PS Plus subscription.\r\nArm yourself well for the fight for mankind with the Vanguard Edition, available only at GAME, which comes complete with early access to the Vanguard Armoury and more!\r\nFrom the creative force of Halo comes an all-new massively multiplayer first person shooting experience.\r\nAs a Guardian of the last safe city on earth your duty is to protect it from deadly foes as you explore old worlds surrounding the city.\r\nCreate and customise your characters look before defeating deadly foes and earning new and unique weapons and equipment to help you forge your own Destiny.\r\n',58.99,54.99,52.99,22,8),(6,'CALL OF DUTY ADVANCED WARFARE',1,1,'ACTIVISION',2015,'Take a plausible look into the future of warfare in Call of Duty Advanced Warfare on PlayStation 4.\r\nBecome empowered by advanced technology like the exoskeleton, which gives you unparalleled strength, awareness, endurance, and speed.\r\nThe Exoskeleton fundamentally changes the way gamers play Call of Duty across all modes.\r\nAcademy Award winning actor Kevin Spacey delivers a stunning performance as Jonathan Irons, founder and president of the world’s largest PMC, Atlas Corporation.\r\n',49.99,54.99,52.99,25,12),(7,'FIFA 15',1,3,'EA SPORTS',2014,'Experience the beautiful game like never before with FIFA 15.\r\nImmerse yourself in the action with chanting crowds and Dynamic Match Presentation.\r\nEach game will uniquely develop with all 22 players on the pitch are connected with Emotional Intelligence, allowing each player to react to each on pitch event.\r\nGet the real-life football experience with Living Pitches and Authentic Player Visuals.\r\nFIFA 15 adds an all new level of responsiveness and control, allowing you to play the way you want.\r\n',69.99,66.99,62.99,30,11),(8,'ASSASINS CREED:UNITY',1,2,'UBISOFT',2015,'Take control of Arno, an entirely new breed of Assassin, who is more lethal than any of his ancestors.\r\nEnjoy unprecedented freedom with brand new parkour, combat and stealth gameplay to master.\r\nMake your Assassin unique with a wealth of customization mechanics, including weapons, clothing and a new expansive skill tree.\r\nCreate your own Creed! Team up with up to 3 friends and take on a host of missions using teamwork and skill to succeed.\r\n',44.99,42.99,40.99,28,18),(9,'BATMAN ARKHAM KNIGHT',2,2,'ROCKSTEADY',2015,'In the explosive finale to the Arkham series, Batman faces the ultimate threat against the city he is sworn to protect. The Scarecrow returns to unite an impressive roster of super villains, including Penguin, Two-Face and Harley Quinn, to destroy The Dark Knight forever. Batman: Arkham Knight introduces Rocksteady\'s uniquely designed version of the Batmobile, which is drivable for the first time in the franchise. The addition of this legendary vehicle, combined with the acclaimed gameplay of the Batman Arkham series, offers gamers the ultimate and complete Batman experience as they tear through the streets and soar across the skyline of the entirety of Gotham City. Be The Batman.',74.99,70.99,65.99,5,6),(10,'PAYDAY 2: CRIMEWAVE EDITION',2,1,'IGN',2015,'Put a crew together for the second entry in the thrilling heist shooter PayDay. Don the masks of the original PayDay crew -- Dallas, Hoxton, Wolf and Chains -- and descend on Washington D.C. for an epic crime spree. The new CRIMENET network in PayDay 2 offers a huge range of dynamic contracts and players are free to choose anything from small-time convenience store hits or kidnappings, to major league cyber-crime or emptying out major bank vaults for that epic PAYDAY. While in D.C., why not participate in the local community and run a few political errands?\r\n\r\nUp to four friends co-operate on the hits and as the crew progresses the jobs become bigger, better and more rewarding. Along with earning more money and becoming a legendary criminal comes a new character customization and crafting system that lets crews build and customize their own guns and gear.',59.99,55.99,51.99,0,0),(11,'LEGO Jurassic World',2,4,'IGN',2015,'Welcome, to Jurassic Park. Go on an adventure like no other & see the tale of Jurassic Park in hilarious LEGO form. Relive the movies & memories once more.',69.99,66.99,62.99,0,0),(12,'Metal Gear Solid V: The Phantom Pain Collector\'s E',2,1,'KONAMI',2015,'Development powerhouse, Kojima Productions, continues forth the &#39;METAL GEAR SOLID V Experience&#39; with the latest chapter, METAL GEAR SOLID V: The Phantom Pain. Ushering in a new era for the franchise with cutting-edge technology powered by the Fox Engine, MGSV: The Phantom Pain, will provide players a first-rate gaming experience as they are offered tactical freedom to carry out open-world missions.\r\nTaking place nine years after the events of MGSV: Ground Zeroes and the fall of Mother Base, Snake a.k.a. Big Boss, awakes from a near decade-long coma. The game resumes the story in 1984, with the Cold War still as the backdrop, which continues to shape a global crisis. Snake&#39;s journey takes him into a world where he is driven by a need for revenge and the pursuit of a shadow group, XOF.',139.99,133.99,129.99,0,0),(13,'The Elder Scrolls Online: Tamriel Unlimited',2,5,'BETHESDA SOFTWORKS',2015,'After 20 years of best-selling, award-winning fantasy role-playing games, the Elder Scrolls series goes online. Experience this multiplayer roleplaying game on your own or together with your friends, guild mates, and thousands of alliance members. Explore dangerous caves and dungeons in Skyrim, or craft quality goods to sell in the city of Daggerfall. Embark upon adventurous quests across Tamriel and engage in massive player versus player battles, or spend your days at the nearest fishing hole or reading one of many books of lore. Use any weapon or armor at any time and customize your abilities to play the way you want. The choices are yours and the decisions you make will shape your destiny and the persistent world of The Elder Scrolls Online: Tamriel Unlimited.',74.99,70.99,67.99,0,0),(14,'The Witcher 3 Wild Hunt',2,5,'IGN',2015,'The Witcher 3: Wild Hunt is a story-driven, next-generation open world role-playing game, set in a graphically stunning fantasy universe, full of meaningful choices and impactful consequences. In The Witcher, you play as Geralt of Rivia, one of a dying caste of monster hunters, and embark on an epic journey in a war-ravaged world that will inevitably lead you to confront a foe darker than anything humanity has faced so far&#45;the Wild Hunt.',74.99,70.99,67.99,0,0),(15,'Dark Souls II: Scholar Of The First Sin',3,5,'NAMCO BANDAI GAMES',2015,'Dark Souls\' dungeon crawling, dragon brawling, tension-filled action features fearsome enemy encounters in an complex world full of extreme battles, rewarding challenges, nuanced weaponry and powerful magic, while offering players the flexibility to customize each character to suit any desired play style. The innovative online component allows gamers to draw from the collective experience of the Dark Souls community as they either help or sabotage each other on the journey through the world of Lordran to save the land from darkness. With a massive, open world design, Dark Souls encourages deep exploration and an adaptable gameplay experience.',49.99,47.99,45.99,0,0),(16,'Motorcycle Club',3,6,'IGN',2015,'Take to the streets and select from 22 of the most famous bikes in the word: BMW, Honda, Kawasaki, KTM, Suzuki and Yamaha. Make full use of each bikes strengths by switching from one biker to another in real time. Create your own club, recruit new members and rise through the ranks as you earn new skills. Gain experience and earn money on the tracks to upgrade your bike or buy new ones. Challenge your friends online and show everyone whose motorcycle club is best.',39.99,57.99,35.99,0,0),(17,'Resident Evil: Revelations 2',4,2,'CAPCOM',2015,'The beginning of the Resident Evil Revelations 2 tale sees fan favourite Claire Redfield make a dramatic return. Survivor of the Raccoon City incident depicted in previous Resident Evil games, Claire now works for the anti-bioterrorism organisation Terra Save. Moira Burton is attending her welcome party for Terra Save when unknown armed forces storm the office. Claire and Moira are knocked unconscious and awaken later to find themselves in a dark and abandoned detention facility. Working together, they must find out who took them and to what sinister end. With the terrifying Afflicted enemies waiting around every dark corner, players will need to use their ammo and weapon supply wisely, in classic survival horror style. Will Claire and Moira make it out alive and discover what\'s led them to being taken to this remote island? Who else will they come across? A story of twists and turns will have players guessing the next step at every turn.',59.99,56.99,52.99,0,0),(18,'Middle Earth: Shadow Of Mordor',4,2,'IGN',2015,'In Middle-earth: Shadow of Mordor, gamers take on the role of Talion, a valiant ranger whose family is slain in front of him the night Sauron and his army return to Mordor, moments before his own life is taken. Resurrected by a Spirit of vengeance and empowered with Wraith abilities, Talion ventures into Mordor and vows to destroy those who have wronged him. Through the course of his personal vendetta, Talion uncovers the truth of the Spirit that compels him, learns the origins of the Rings of Power and ultimately confronts his true nemesis.',34.98,32.99,30.99,0,0),(19,'Escape Dead Island',4,2,'DEEP SILVER',2015,'Escape Dead Island is a survival-mystery adventure that follows Cliff Calo, who sets sail to document the unexplained events on Banoi. Arriving on the island of Narapela, he finds that not everything is as it seems. This title lets players delve into the Dead Island universe and unravel the origins of the zombie outbreak. Escape is just the beginning.',24.99,22.99,20.99,0,0),(20,'Mario Kart 8',5,6,'IGN',2015,'This ultimate HD racing experience on Wii U has gathered the best features from all Mario Kart games. When realistic racing games are forced into the depot (options menu) to repair, Mario Kart 8 has already passed the finish line. For EVERYONE who likes games.\r\nOnline mode for up to twelve players, 60 frames per second, motorbikes, hang gliders and underwater racing… Mario Kart 8 has gathered the best from all Mario Kart games and added tons of new stuff for a new generation of drivers!',59.99,50.99,48.99,0,0),(21,'Super Smash Bros w/Adapter',5,7,'NINTENDO',2014,'Mario! Link! Samus! Pikachu! All of your favorite Nintendo characters are back, along with plenty of new faces, in the fourth entry in the beloved Super Smash Bros. series. With Super Smash Bros. for Wii U, parties of players can battle each other locally or online across stages inspired by classic Nintendo home console games. With a variety of control options and amiibo compatibility, the timeless Super Smash Bros. battles come alive.',74.99,72.99,68.99,0,0),(22,'Injustice Gods Among Us',5,7,'WARNER BROS ',2013,'Injustice: Gods Among Us debuts as a bold new fighting game franchise from the developers of Mortal Kombat. It introduces a deep, original story featuring a large cast of favourite DC Comics icons such as Batman, Cyborg, Harley Quinn, Nightwing, Solomon Grundy, Superman, The Flash, Wonder Woman and many others. Set in a world where the lines between good and evil are blurred, players will experience heroes and villains engaging in epic battles on a massive scale.',29.99,27.99,25.99,0,0),(23,'Mighty No. 9',6,2,'DEEP SILVER',2015,'Mighty No. 9 is a Japanese 2D Side-scrolling Action game that takes the best elements from 8 and 16-bit classics that you know and love and transforms them with modern tech, fresh mechanics, and fan input into something fresh and amazing!\r\n\r\nYou play as Beck, the 9th in a line of powerful robots, and the only one not infected by a mysterious computer virus that has caused mechanized creatures the world over to go berserk. Run, jump, blast, and transform your way through twelve stages using weapons and abilities stolen from your enemies to take down your fellow Mighty Number robots and confront the final evil that threatens the planet!',49.99,47.99,45.99,0,0),(24,'LEGO Batman 3: Beyond Gotham',6,4,'IGN',2014,'In LEGO Batman 3, the Caped Crusader joins forces with the super heroes of the DC Comics Universe and blasts off to outer space to stop the evil Brainiac from destroying Earth. Using the power of the Lantern Rings, Brainiac shrinks worlds to add to his twisted collection of miniature cities from across the universe. Now the greatest super heroes and the most cunning villains must unite and journey to different Lantern Worlds to collect the Lantern Rings and stop Brainiac before it’s too late.',34.99,32.99,30.99,0,0),(25,'The Elder Scrolls Online: Tamriel Unlimited',7,5,'KONAMI',2015,'After 20 years of best-selling, award-winning fantasy role-playing games, the Elder Scrolls series goes online. Experience this multiplayer roleplaying game on your own or together with your friends, guild mates, and thousands of alliance members. Explore dangerous caves and dungeons in Skyrim, or craft quality goods to sell in the city of Daggerfall. Embark upon adventurous quests across Tamriel and engage in massive player versus player battles, or spend your days at the nearest fishing hole or reading one of many books of lore. Use any weapon or armor at any time and customize your abilities to play the way you want. The choices are yours and the decisions you make will shape your destiny and the persistent world of The Elder Scrolls Online: Tamriel Unlimited.',59.99,57.99,55.99,0,0),(26,'Wolfenstein: The Old Blood',7,1,'BETHESDA SOFTWORKS',2015,'Wolfenstein: The Old Blood is a standalone prequel to the critically acclaimed first-person action-adventure shooter, Wolfenstein: The New Order. The adventure, which spans eight chapters and two interconnected stories, features the hallmarks of MachineGames - thrilling action, immersive story and intense first-person combat. As war hero B.J. Blazkowicz, arm yourself with new weapons such as the bolt-action rifle and grenade-launching Kampfpistole as you attempt to thwart the advancing Nazi war machine, and take advantage of duel-wielding pipes that can be used for wall climbing - or for vicious take-downs of never-before-seen Nazi adversaries.',24.99,22.99,10.99,0,0),(27,'The Sims 4: Get To Work',7,8,'ELECTRONIC ARTS',2015,'You rule the workplace with The SimsTM 4 Get to Work! Actively control your Sims while they’re at work and determine whether your Sims are headed towards the big promotion or becoming the workplace menace. Jump to the rescue and save countless lives as a Doctor, torment your neighbors with mischievous inventions as a Scientist, or investigate crime scenes and crack the big cases as a Detective. If you’d rather be your own boss, create, customize, and manage your own retail businesses to become a Simoleonaire! You decide how your Sims get to work.',44.99,42.99,40.99,0,0),(28,'Dying Light',7,2,'WARNER BROS INTERACTIVE ENTERT',2015,'n Dying Light, a first-person, action survival horror game, players must use everything in their power to survive until the morning\'s first light in a vast open world filled with danger. During the day, players will traverse an expansive urban environment overrun by a vicious outbreak, scavenging the world for supplies and crafting weapons to defend against the growing infected population. At night, the hunter becomes the hunted, as the infected become aggressive and more dangerous. Most frightening are the predators which only appear after sundown.',29.99,27.99,25.99,0,0),(29,'Fallout 4',7,1,'BETHESDA SOFTWORKS',2015,'Return to the wasteland in Fallout 4, the latest titles from the award winning studio who have brought you the likes of Fallout 3 & The Elder Scrolls V: Skyrim.',59.99,57.99,55.99,0,0),(30,'Evolve',7,1,'2K GAMES',2015,'In a savage world of man vs nature, are you the hunter or the hunted? The creators of Left 4 Dead, Turtle Rock Studios, bring you EVOLVE, the next-generation of multiplayer shooters where four hunters face-off against a single, player-controlled monster. Stalk your prey, execute your attack and prove you are the apex predator in adrenaline-pumping 4v1 matches.',39.99,37.99,35.99,0,0);

/*Table structure for table `gamecover` */

DROP TABLE IF EXISTS `gamecover`;

CREATE TABLE `gamecover` (
  `GameCoverID` int(11) unsigned NOT NULL AUTO_INCREMENT,
  `GameId` int(11) unsigned NOT NULL,
  `Location` varchar(80) DEFAULT NULL,
  `Type` varchar(10) DEFAULT NULL,
  `Width` int(5) DEFAULT NULL,
  `Height` int(5) DEFAULT NULL,
  PRIMARY KEY (`GameCoverID`),
  KEY `FK_coverGame` (`GameId`),
  CONSTRAINT `FK_coverGame` FOREIGN KEY (`GameId`) REFERENCES `game` (`GameID`)
) ENGINE=InnoDB AUTO_INCREMENT=65 DEFAULT CHARSET=latin1;

/*Data for the table `gamecover` */

insert  into `gamecover`(`GameCoverID`,`GameId`,`Location`,`Type`,`Width`,`Height`) values (1,1,'/resources/images/2med1.jpg','Medium',150,188),(8,1,'/resources/images/3max1.jpg','Max',558,700),(9,2,'/resources/images/2med2.jpg','Medium',150,187),(10,2,'/resources/images/3max2.jpg','Max',558,700),(11,5,'/resources/images/2med5.jpg','Medium',150,188),(12,5,'/resources/images/3max5.jpg','Max',559,700),(13,6,'/resources/images/2med6.jpg','Medium',150,187),(14,6,'/resources/images/3max6.jpg','Max',561,700),(15,4,'/resources/images/2med4.jpg','Medium',150,191),(16,4,'/resources/images/3max4.jpg','Max',550,700),(17,8,'/resources/images/2med8.jpg','Medium',150,188),(18,8,'/resources/images/3max8.jpg','Max',541,700),(19,7,'/resources/images/3max7.jpg','Max',562,700),(20,7,'/resources/images/2med7.jpg','Medium',150,211),(21,9,'/resources/images/2med9.jpg','Medium',150,189),(22,9,'/resources/images/3max9.jpg','Max',556,700),(23,10,'/resources/images/2med10.jpg','Medium',150,190),(24,10,'/resources/images/3max10.jpg','Max',553,700),(25,11,'/resources/images/2med11.jpg','Medium',150,190),(26,11,'/resources/images/3max11.jpg','Max',553,700),(27,12,'/resources/images/2med12.jpg','Medium',150,190),(28,12,'/resources/images/3max12.jpg','Max',554,700),(29,13,'/resources/images/2med13.jpg','Medium',150,189),(30,13,'/resources/images/3max13.jpg','Max',555,700),(31,14,'/resources/images/2med14.jpg','Medium',150,191),(32,14,'/resources/images/3max14.jpg','Max',551,700),(33,15,'/resources/images/2med15.jpg','Medium',150,173),(34,15,'/resources/images/3max15.jpg','Max',400,460),(35,16,'/resources/images/2med16.jpg','Medium',150,173),(36,16,'/resources/images/3max16.jpg','Max',551,634),(37,17,'/resources/images/2med17.jpg','Medium',150,212),(38,17,'/resources/images/3max17.jpg','Max',496,700),(39,18,'/resources/images/2med18.jpg','Medium',150,213),(40,18,'/resources/images/3max18.jpg','Max',493,700),(41,19,'/resources/images/2med19.jpg','Medium',150,211),(42,19,'/resources/images/3max19.jpg','Max',497,700),(43,20,'/resources/images/2med20.jpg','Medium',150,211),(44,20,'/resources/images/3max20.jpg','Max',497,700),(45,21,'/resources/images/2med21.jpg','Medium',150,212),(46,21,'/resources/images/3max21.jpg','Max',495,700),(47,22,'/resources/images/2med22.jpg','Medium',150,213),(48,22,'/resources/images/3max22.jpg','Max',492,700),(49,23,'/resources/images/2med23.jpg','Medium',150,136),(50,23,'/resources/images/3max23.jpg','Max',495,448),(51,24,'/resources/images/2med24.jpg','Medium',150,172),(52,24,'/resources/images/3max24.jpg','Max',495,568),(53,25,'/resources/images/2med25.jpg','Medium',150,213),(54,25,'/resources/images/3max25.jpg','Max',492,700),(55,26,'/resources/images/2med26.jpg','Medium',150,214),(56,26,'/resources/images/3max26.jpg','Max',591,700),(57,27,'/resources/images/2med27.jpg','Medium',150,212),(58,27,'/resources/images/3max27.jpg','Max',495,700),(59,28,'/resources/images/2med28.jpg','Medium',150,216),(60,28,'/resources/images/3max28.jpg','Max',487,700),(61,29,'/resources/images/2med29.jpg','Medium',150,213),(62,29,'/resources/images/3max29.jpg','Max',493,700),(63,30,'/resources/images/2med30.jpg','Medium',150,213),(64,30,'/resources/images/3max30.jpg','Max',411,700);

/*Table structure for table `gamescreens` */

DROP TABLE IF EXISTS `gamescreens`;

CREATE TABLE `gamescreens` (
  `GameImageID` int(11) unsigned NOT NULL AUTO_INCREMENT,
  `GameId` int(11) unsigned NOT NULL,
  `Location` varchar(80) DEFAULT NULL,
  `Type` varchar(10) DEFAULT NULL,
  `Width` int(5) DEFAULT NULL,
  `Height` int(5) DEFAULT NULL,
  PRIMARY KEY (`GameImageID`),
  KEY `FK_productimageGame` (`GameId`),
  CONSTRAINT `FK_gameimageGame` FOREIGN KEY (`GameId`) REFERENCES `game` (`GameID`)
) ENGINE=InnoDB AUTO_INCREMENT=99 DEFAULT CHARSET=utf8;

/*Data for the table `gamescreens` */

insert  into `gamescreens`(`GameImageID`,`GameId`,`Location`,`Type`,`Width`,`Height`) values (2,1,'/resources/images/EVOLVE_Screen_064_1.jpg','Screenshot',970,546),(3,1,'/resources/images/EVOLVE_Screen_065_1.jpg','Screenshot',970,546),(4,1,'/resources/images/EVOLVE_Screen_068_1.jpg','Screenshot',970,546),(5,1,'/resources/images/EVOLVE_Screen_070_1.jpg','Screenshot',970,546),(6,1,'/resources/images/EVOLVE_Screen_072_1.jpg','Screenshot',970,546),(7,1,'/resources/images/EVOLVE_Screen_073_1.jpg','Screenshot',970,546),(8,2,'/resources/images/5scrmax1_2.jpg','Screenshot',970,404),(9,2,'/resources/images/7scrmax2_2.jpg','Screenshot',970,404),(10,2,'/resources/images/9scrmax3_2.jpg','Screenshot',970,406),(11,5,'/resources/images/5scrmax1_5.jpg','Screenshot',970,546),(12,5,'/resources/images/7scrmax2_5.jpg','Screenshot',970,546),(13,5,'/resources/images/9scrmax3_5.jpg','Screenshot',970,546),(14,6,'/resources/images/5scrmax1_6.jpg','Screenshot',970,546),(15,6,'/resources/images/7scrmax2_6.jpg','Screenshot',970,546),(16,6,'/resources/images/9scrmax3_6.jpg','Screenshot',970,552),(17,4,'/resources/images/RSG_GTAV_NG_Screenshot_010_4.jpg','Screenshot',970,546),(18,4,'/resources/images/RSG_GTAV_NG_Screenshot_011_4.jpg','Screenshot',970,546),(19,4,'/resources/images/RSG_GTAV_NG_Screenshot_050_4.jpg','Screenshot',970,546),(20,4,'/resources/images/RSG_GTAV_NG_Screenshot_066_4.jpg','Screenshot',970,546),(21,4,'/resources/images/RSG_GTAV_NG_Screenshot_070_4.jpg','Screenshot',970,546),(22,4,'/resources/images/RSG_GTAV_NG_Screenshot_091_4.jpg','Screenshot',970,546),(23,8,'/resources/images/5scrmax1_8.jpg','Screenshot',970,546),(24,8,'/resources/images/7scrmax2_8.jpg','Screenshot',970,546),(25,8,'/resources/images/9scrmax3_8.jpg','Screenshot',970,546),(26,7,'/resources/images/fifa15_7.jpg','Screenshot',970,505),(27,7,'/resources/images/fifa-15-10_7.jpg','Screenshot',970,546),(28,7,'/resources/images/imagesfifa_7.jpg','Screenshot',970,531),(29,9,'/resources/images/5scrmax1_9.jpg','Screenshot',970,552),(30,9,'/resources/images/7scrmax2_9.jpg','Screenshot',970,539),(31,9,'/resources/images/9scrmax3_9.jpg','Screenshot',970,468),(32,10,'/resources/images/5scrmax1_10.jpg','Screenshot',970,546),(33,10,'/resources/images/7scrmax2_10.jpg','Screenshot',970,546),(34,10,'/resources/images/9scrmax3_10.jpg','Screenshot',970,546),(35,11,'/resources/images/5scrmax1_11.jpg','Screenshot',970,543),(36,11,'/resources/images/7scrmax2_11.jpg','Screenshot',970,543),(37,11,'/resources/images/9scrmax3_11.jpg','Screenshot',970,543),(38,12,'/resources/images/MGSVTPP_E3_game_07_web_12.jpg','Screenshot',970,546),(39,12,'/resources/images/MGSVTPP_E3_game_09_web_12.jpg','Screenshot',970,546),(40,12,'/resources/images/MGSVTPP_E3_game_10_web_12.jpg','Screenshot',970,546),(41,12,'/resources/images/MGSVTPP_E3_game_11_web_12.jpg','Screenshot',970,546),(42,13,'/resources/images/eldersscrolls_tamriel_1_13.jpg','Screenshot',970,608),(43,13,'/resources/images/eldersscrolls_tamriel_2_13.jpg','Screenshot',970,596),(44,13,'/resources/images/eldersscrolls_tamriel_4_13.jpg','Screenshot',970,545),(45,14,'/resources/images/The_Witcher_3_Wild_Hunt_1_14.png','Screenshot',970,546),(46,14,'/resources/images/The_Witcher_3_Wild_Hunt_2_14.png','Screenshot',970,546),(47,14,'/resources/images/The_Witcher_3_Wild_Hunt_3_14.png','Screenshot',970,546),(48,15,'/resources/images/5scrmax1_15.jpg','Screenshot',970,546),(49,15,'/resources/images/7scrmax2_15.jpg','Screenshot',970,546),(50,15,'/resources/images/9scrmax3_15.jpg','Screenshot',970,546),(51,16,'/resources/images/motorcycleclub1_16.jpg','Screenshot',970,546),(52,16,'/resources/images/motorcycleclub2_16.jpg','Screenshot',970,546),(53,16,'/resources/images/motorcycleclub3_16.jpg','Screenshot',970,546),(54,17,'/resources/images/resirevelations1_17.jpg','Screenshot',970,546),(55,17,'/resources/images/resirevelations2_17.jpg','Screenshot',970,546),(56,17,'/resources/images/resirevelations3_17.jpg','Screenshot',970,546),(57,18,'/resources/images/middleearth1_18.jpg','Screenshot',970,546),(58,18,'/resources/images/middleearth2_18.jpg','Screenshot',970,546),(59,18,'/resources/images/middleearth3_18.jpg','Screenshot',970,546),(60,19,'/resources/images/escapedeadisland1_19.jpg','Screenshot',970,546),(61,19,'/resources/images/escapedeadisland2_19.jpg','Screenshot',970,546),(62,19,'/resources/images/escapedeadisland3_19.jpg','Screenshot',970,546),(63,20,'/resources/images/5scrmax1_20.jpg','Screenshot',970,546),(64,20,'/resources/images/7scrmax2_20.jpg','Screenshot',970,546),(65,20,'/resources/images/9scrmax3_20.jpg','Screenshot',970,546),(66,21,'/resources/images/smash1_21.jpg','Screenshot',970,546),(67,21,'/resources/images/smash2_21.jpg','Screenshot',970,546),(68,21,'/resources/images/smash3_21.jpg','Screenshot',970,546),(69,22,'/resources/images/5scrmax1_22.jpg','Screenshot',970,546),(70,22,'/resources/images/7scrmax2_22.jpg','Screenshot',970,546),(71,22,'/resources/images/9scrmax3_22.jpg','Screenshot',970,546),(72,23,'/resources/images/mighty_no9_1_23.jpg','Screenshot',970,545),(73,23,'/resources/images/mighty_no9_2_23.jpg','Screenshot',970,545),(74,23,'/resources/images/mighty_no9_3_23.jpg','Screenshot',970,545),(75,24,'/resources/images/LEGO-Batman-3_BatmanRobin_01_24.bmp','Screenshot',970,546),(76,24,'/resources/images/LEGO-Batman-3_BatmanSonarRobinTechno_01_24.bmp','Screenshot',970,546),(77,24,'/resources/images/LEGO-Batman-3_Cyborg_01_24.bmp','Screenshot',970,546),(78,25,'/resources/images/eldersscrolls_tamriel_1_25.jpg','Screenshot',970,608),(79,25,'/resources/images/eldersscrolls_tamriel_2_25.jpg','Screenshot',970,596),(80,25,'/resources/images/eldersscrolls_tamriel_3_25.jpg','Screenshot',970,606),(81,25,'/resources/images/eldersscrolls_tamriel_4_25.jpg','Screenshot',970,545),(82,25,'/resources/images/eldersscrolls_tamriel_5_25.jpg','Screenshot',970,547),(83,25,'/resources/images/eldersscrolls_tamriel_6_25.jpg','Screenshot',970,546),(84,26,'/resources/images/wolfenstein_theoldblood_1_26.jpg','Screenshot',970,546),(85,26,'/resources/images/wolfenstein_theoldblood_2_26.jpg','Screenshot',970,546),(86,26,'/resources/images/wolfenstein_theoldblood_3_26.jpg','Screenshot',970,546),(87,27,'/resources/images/sims4_gettowork_1_27.jpg','Screenshot',970,546),(88,27,'/resources/images/sims4_gettowork_2_27.jpg','Screenshot',970,546),(89,27,'/resources/images/sims4_gettowork_3_27.jpg','Screenshot',970,546),(90,28,'/resources/images/dl_screenshot_pack05_01_28201_28.jpg','Screenshot',970,546),(91,28,'/resources/images/Dying-Light4_28.jpg','Screenshot',970,540),(92,28,'/resources/images/DyingLight_E3_final (2)_28.jpg','Screenshot',970,546),(93,29,'/resources/images/Fallout4_Trailer_Deathclaw_29.jpg','Screenshot',970,545),(94,29,'/resources/images/Fallout4_Trailer_Protectron_29.jpg','Screenshot',970,545),(95,29,'/resources/images/Fallout4_Trailer_Stadium_29.jpg','Screenshot',970,545),(96,30,'/resources/images/EVOLVE_Screen_064_30.jpg','Screenshot',970,546),(97,30,'/resources/images/EVOLVE_Screen_065_30.jpg','Screenshot',970,546),(98,30,'/resources/images/EVOLVE_Screen_070_30.jpg','Screenshot',970,546);

/*Table structure for table `genre` */

DROP TABLE IF EXISTS `genre`;

CREATE TABLE `genre` (
  `GenreID` int(11) unsigned NOT NULL AUTO_INCREMENT,
  `Genre` varchar(20) DEFAULT NULL,
  PRIMARY KEY (`GenreID`)
) ENGINE=InnoDB AUTO_INCREMENT=9 DEFAULT CHARSET=utf8;

/*Data for the table `genre` */

insert  into `genre`(`GenreID`,`Genre`) values (1,'Shooter'),(2,'Action - Adventure'),(3,'Sports'),(4,'Adventure'),(5,'Role Playing Game'),(6,'Driving'),(7,'Fighting'),(8,'Simulation');

/*Table structure for table `increasebalance` */

DROP TABLE IF EXISTS `increasebalance`;

CREATE TABLE `increasebalance` (
  `IncreaseID` int(10) unsigned NOT NULL AUTO_INCREMENT,
  `UserId` int(11) unsigned NOT NULL,
  `Increase` float DEFAULT NULL,
  `Approved` varchar(3) DEFAULT NULL,
  `ApprovedDate` date DEFAULT NULL,
  PRIMARY KEY (`IncreaseID`),
  KEY `FK_increasebalanceUser` (`UserId`),
  CONSTRAINT `FK_increasebalanceUser` FOREIGN KEY (`UserId`) REFERENCES `user` (`UserID`)
) ENGINE=InnoDB AUTO_INCREMENT=6 DEFAULT CHARSET=latin1;

/*Data for the table `increasebalance` */

insert  into `increasebalance`(`IncreaseID`,`UserId`,`Increase`,`Approved`,`ApprovedDate`) values (1,11,50.5,'No','2015-06-03'),(2,11,150.9,'No','2015-06-03'),(3,11,190.11,'No','2015-06-04'),(4,11,198.23,'Yes','2015-06-04'),(5,15,200,'Yes','2015-06-05');

/*Table structure for table `logs` */

DROP TABLE IF EXISTS `logs`;

CREATE TABLE `logs` (
  `LogId` int(11) unsigned NOT NULL AUTO_INCREMENT,
  `Date` date DEFAULT NULL,
  `UserId` int(11) unsigned NOT NULL,
  `Email` varchar(30) DEFAULT NULL,
  `Transaction` varchar(20) DEFAULT NULL,
  `GameName` varchar(30) DEFAULT NULL,
  `Amount` float DEFAULT NULL,
  `BalanceAfter` float DEFAULT NULL,
  PRIMARY KEY (`LogId`),
  KEY `FK_logsUser` (`UserId`),
  CONSTRAINT `FK_logsUser` FOREIGN KEY (`UserId`) REFERENCES `user` (`UserID`)
) ENGINE=InnoDB AUTO_INCREMENT=56 DEFAULT CHARSET=latin1;

/*Data for the table `logs` */

insert  into `logs`(`LogId`,`Date`,`UserId`,`Email`,`Transaction`,`GameName`,`Amount`,`BalanceAfter`) values (12,'2015-05-28',16,'fitzer998@hotmail.com','DELIVERED','EVOLVE',64.99,180),(13,'2015-05-28',17,'willobryan@hotmail.com','ORDER APPROVAL','EVOLVE',66.99,233.01),(14,'2015-05-28',17,'willobryan@hotmail.com','ORDER APPROVAL','ASSASINS CREED:UNITY',42.99,190.02),(15,'2015-05-28',17,'willobryan@hotmail.com','ORDER APPROVAL','FIFA 15',66.99,123.03),(16,'2015-05-28',17,'willobryan@hotmail.com','APPROVAL DELETION','EVOLVE',66.99,56.04),(17,'2015-05-28',16,'fitzer998@hotmail.com','APPROVAL DELETION','THE ORDER 1886',67.99,247.99),(18,'2015-05-28',17,'willobryan@hotmail.com','APPROVAL DELETION','ASSASINS CREED:UNITY',42.99,233.01),(19,'2015-05-28',17,'willobryan@hotmail.com','DELIVERED','FIFA 15',66.99,233.01),(20,'2015-05-28',17,'willobryan@hotmail.com','DELIVERED','EVOLVE',66.99,233.01),(21,'2015-05-28',17,'willobryan@hotmail.com','DELIVERED','ASSASINS CREED:UNITY',42.99,233.01),(22,'2015-05-28',17,'willobryan@hotmail.com','DELIVERED','FIFA 15',66.99,233.01),(23,'2015-05-28',17,'willobryan@hotmail.com','DELIVERED','CALL OF DUTY ADVANCED WARFARE',54.99,233.01),(24,'2015-05-28',17,'willobryan@hotmail.com','DELIVERED','DESTINY',58.99,233.01),(28,'2015-05-28',17,'willobryan@hotmail.com','DELIVERED','FIFA 15',66.99,233.01),(29,'2015-05-28',17,'willobryan@hotmail.com','DELIVERED','GRAND THEFT AUTO V',71.99,233.01),(30,'2015-05-28',17,'willobryan@hotmail.com','DELIVERED','CALL OF DUTY ADVANCED WARFARE',54.99,233.01),(31,'2015-05-28',17,'willobryan@hotmail.com','DELIVERED','EVOLVE',66.99,233.01),(32,'2015-05-28',17,'willobryan@hotmail.com','DELIVERED','ASSASINS CREED:UNITY',42.99,233.01),(33,'2015-05-28',17,'willobryan@hotmail.com','DELIVERED','FIFA 15',66.99,233.01),(34,'2015-05-28',17,'willobryan@hotmail.com','DELIVERED','CALL OF DUTY ADVANCED WARFARE',54.99,233.01),(35,'2015-05-28',17,'willobryan@hotmail.com','DELIVERED','DESTINY',54.99,233.01),(36,'2015-05-28',17,'willobryan@hotmail.com','DELIVERED','GRAND THEFT AUTO V',71.99,233.01),(37,'2015-05-28',17,'willobryan@hotmail.com','DELIVERED','EVOLVE',66.99,233.01),(38,'2015-05-28',17,'willobryan@hotmail.com','DELIVERED','ASSASINS CREED:UNITY',42.99,233.01),(39,'2015-05-28',17,'willobryan@hotmail.com','DELIVERED','FIFA 15',66.99,233.01),(40,'2015-05-28',17,'willobryan@hotmail.com','DELIVERED','CALL OF DUTY ADVANCED WARFARE',54.99,233.01),(41,'2015-05-28',17,'willobryan@hotmail.com','DELIVERED','DESTINY',54.99,233.01),(42,'2015-05-28',17,'willobryan@hotmail.com','DELIVERED','GRAND THEFT AUTO V',71.99,233.01),(43,'2015-05-28',17,'willobryan@hotmail.com','DELIVERED','EVOLVE',66.99,233.01),(44,'2015-05-28',17,'willobryan@hotmail.com','DELIVERED','ASSASINS CREED:UNITY',42.99,233.01),(45,'2015-05-28',17,'willobryan@hotmail.com','DELIVERED','FIFA 15',66.99,233.01),(46,'2015-05-28',17,'willobryan@hotmail.com','DELIVERED','CALL OF DUTY ADVANCED WARFARE',54.99,233.01),(47,'2015-05-29',17,'willobryan@hotmail.com','APPROVAL DELETION','DESTINY',52.99,286),(48,'2015-06-05',17,'willobryan@hotmail.com','ORDERED','GRAND THEFT AUTO V',74.99,286),(49,'2015-06-05',17,'willobryan@hotmail.com','ORDERED','FIFA 15',69.99,286),(50,'2015-06-05',15,'fordeger123@gmail.com','ORDERED','CALL OF DUTY ADVANCED WARFARE',49.99,0),(51,'2015-06-12',24,'temp@gmail.com','ORDERED','THE ORDER 1886',74.99,956.67),(52,'2015-06-14',15,'fordeger123@gmail.com','INCREASE BALANCE','',200,200),(53,'2015-06-14',11,'robert-forde@hotmail.com','INCREASE BALANCE','',198.23,198.23),(54,'2015-06-15',17,'willobryan@hotmail.com','ORDERED','BATMAN ARKHAM KNIGHT',74.99,286),(55,'2015-06-15',17,'willobryan@hotmail.com','ORDER APPROVAL','BATMAN ARKHAM KNIGHT',74.99,211.01);

/*Table structure for table `orders` */

DROP TABLE IF EXISTS `orders`;

CREATE TABLE `orders` (
  `OrderID` int(11) unsigned NOT NULL AUTO_INCREMENT,
  `UserId` int(11) unsigned NOT NULL,
  `GameId` int(11) unsigned NOT NULL,
  `Status` varchar(10) DEFAULT NULL,
  `OrderDate` date DEFAULT NULL,
  `OrderDay` int(2) DEFAULT NULL,
  `OrderMonth` int(2) DEFAULT NULL,
  `OrderYear` int(4) DEFAULT NULL,
  PRIMARY KEY (`OrderID`),
  KEY `FK_orderGame` (`GameId`),
  KEY `FK_orderUser` (`UserId`),
  CONSTRAINT `FK_orderGame` FOREIGN KEY (`GameId`) REFERENCES `game` (`GameID`),
  CONSTRAINT `FK_orderUser` FOREIGN KEY (`UserId`) REFERENCES `user` (`UserID`)
) ENGINE=InnoDB AUTO_INCREMENT=133 DEFAULT CHARSET=utf8;

/*Data for the table `orders` */

insert  into `orders`(`OrderID`,`UserId`,`GameId`,`Status`,`OrderDate`,`OrderDay`,`OrderMonth`,`OrderYear`) values (1,3,1,'DELIVERED','2015-01-10',10,1,2015),(2,3,2,'DELIVERED','2015-01-10',10,1,2015),(10,3,4,'DELIVERED','2015-01-11',11,1,2015),(11,3,5,'DELIVERED','2015-01-11',11,1,2015),(12,4,4,'DELIVERED','2015-01-12',12,1,2015),(13,4,5,'DELIVERED','2015-01-15',15,1,2015),(14,4,6,'DELIVERED','2015-01-17',17,1,2015),(15,4,7,'DELIVERED','2015-01-21',21,1,2015),(16,4,8,'DELIVERED','2015-01-25',25,1,2015),(17,5,1,'DELIVERED','2015-01-26',26,1,2015),(18,5,2,'DELIVERED','2015-01-28',28,1,2015),(19,5,4,'DELIVERED','2015-01-29',29,1,2015),(20,5,5,'DELIVERED','2015-02-02',2,2,2015),(21,5,6,'DELIVERED','2015-02-06',6,2,2015),(22,6,4,'DELIVERED','2015-02-09',9,2,2015),(23,6,2,'DELIVERED','2015-02-11',11,2,2015),(24,6,7,'DELIVERED','2015-02-13',13,2,2015),(25,6,8,'DELIVERED','2015-02-15',15,2,2015),(26,7,1,'DELIVERED','2015-02-17',17,2,2015),(27,7,2,'DELIVERED','2015-02-19',19,2,2015),(28,7,4,'DELIVERED','2015-02-21',21,2,2015),(29,7,5,'DELIVERED','2015-02-23',23,2,2015),(30,7,6,'DELIVERED','2015-02-25',25,2,2015),(31,7,7,'DELIVERED','2015-02-27',27,2,2015),(32,7,8,'DELIVERED','2015-02-28',28,2,2015),(33,8,4,'DELIVERED','2015-03-04',4,3,2015),(34,8,5,'DELIVERED','2015-03-06',6,3,2015),(35,8,6,'DELIVERED','2015-03-08',8,3,2015),(36,8,2,'DELIVERED','2015-03-10',10,3,2015),(37,8,8,'DELIVERED','2015-03-12',12,3,2015),(38,9,1,'DELIVERED','2015-03-14',14,3,2015),(39,9,4,'DELIVERED','2015-03-16',16,3,2015),(40,9,7,'DELIVERED','2015-03-18',18,3,2015),(41,9,8,'DELIVERED','2015-03-20',20,3,2015),(42,10,2,'DELIVERED','2015-03-22',22,3,2015),(43,10,8,'DELIVERED','2015-03-24',24,3,2015),(44,10,7,'DELIVERED','2015-03-26',26,3,2015),(45,10,4,'DELIVERED','2015-03-28',28,3,2015),(46,10,6,'DELIVERED','2015-04-10',10,4,2015),(47,11,1,'DELIVERED','2015-04-10',10,4,2015),(48,11,2,'DELIVERED','2015-04-10',10,4,2015),(52,11,4,'DELIVERED','2015-04-11',11,4,2015),(53,11,7,'DELIVERED','2015-04-11',11,4,2015),(54,11,8,'DELIVERED','2015-04-12',12,4,2015),(55,12,1,'DELIVERED','2015-04-12',12,4,2015),(56,12,2,'DELIVERED','2015-04-12',12,4,2015),(57,12,4,'DELIVERED','2015-04-14',14,4,2015),(58,12,5,'DELIVERED','2015-04-16',16,4,2015),(59,12,6,'DELIVERED','2015-04-17',17,4,2015),(60,12,7,'DELIVERED','2015-04-19',19,4,2015),(61,12,8,'DELIVERED','2015-04-20',20,4,2015),(63,13,8,'DELIVERED','2015-04-22',22,4,2015),(64,13,1,'DELIVERED','2015-04-26',26,4,2015),(65,13,4,'DELIVERED','2015-04-30',30,4,2015),(66,13,5,'DELIVERED','2015-05-03',3,5,2015),(67,13,2,'DELIVERED','2015-05-06',6,5,2015),(68,14,1,'DELIVERED','2015-05-10',10,5,2015),(69,14,2,'DELIVERED','2015-05-12',12,5,2015),(70,14,4,'DELIVERED','2015-05-14',14,5,2015),(71,14,5,'DELIVERED','2015-05-10',10,5,2015),(72,14,6,'DELIVERED','2015-05-12',12,5,2015),(73,15,1,'DELIVERED','2015-05-14',14,5,2015),(74,15,2,'DELIVERED','2015-05-16',16,5,2015),(75,15,4,'DELIVERED','2015-05-18',18,5,2015),(76,16,8,'DELIVERED','2015-05-20',20,5,2015),(77,16,1,'DELIVERED','2015-05-20',20,5,2015),(78,16,4,'ORDERED','2015-05-21',21,5,2015),(79,16,2,'DELETED','2015-05-21',21,5,2015),(80,16,6,'APPROVED','2015-05-21',21,5,2015),(81,17,1,'DELIVERED','2015-05-21',21,5,2015),(82,17,8,'DELIVERED','2015-05-22',22,5,2015),(83,17,7,'DELIVERED','2015-05-22',22,5,2015),(84,17,6,'DELIVERED','2015-05-22',22,5,2015),(85,17,5,'APPROVED','2015-05-22',22,5,2015),(86,17,4,'APPROVED','2015-05-22',22,5,2015),(87,3,6,'DELIVERED','2014-12-28',28,12,2014),(88,3,7,'DELIVERED','2014-12-28',28,12,2014),(89,3,8,'DELIVERED','2014-12-28',28,12,2014),(90,15,4,'ORDERED','2015-05-17',17,5,2015),(91,16,7,'ORDERED','2015-05-11',11,5,2015),(92,17,2,'ORDERED','2015-05-13',13,5,2015),(93,1,1,'ORDERED','2015-05-28',28,5,2015),(94,1,2,'ORDERED','2015-05-27',27,5,2015),(96,1,4,'ORDERED','2015-05-26',26,5,2015),(97,1,5,'ORDERED','2015-05-25',25,5,2015),(98,1,6,'ORDERED','2015-05-24',24,5,2015),(99,1,7,'ORDERED','2015-05-23',23,5,2015),(100,2,1,'ORDERED','2015-05-19',19,5,2015),(101,2,2,'ORDERED','2015-05-15',15,5,2015),(102,2,4,'ORDERED','2015-05-09',9,5,2015),(105,2,5,'ORDERED','2015-05-08',8,5,2015),(106,2,6,'ORDERED','2015-05-07',7,5,2015),(107,2,7,'ORDERED','2015-05-05',5,5,2015),(108,2,8,'ORDERED','2015-05-04',4,5,2015),(109,3,1,'ORDERED','2015-05-02',2,5,2015),(110,3,2,'ORDERED','2015-05-01',1,5,2015),(119,17,1,'ORDERED','2015-06-05',5,23,2015),(120,17,9,'ORDERED','2015-06-05',5,23,2015),(121,17,4,'ORDERED','2015-06-05',5,23,2015),(122,17,1,'ORDERED','2015-06-05',5,5,2015),(123,17,1,'ORDERED','2015-06-05',5,5,2015),(124,17,1,'ORDERED','2015-06-05',5,23,2015),(125,17,6,'ORDERED','2015-06-05',5,23,2015),(126,17,9,'ORDERED','2015-06-05',5,23,2015),(129,17,4,'ORDERED','2015-06-05',5,23,2015),(130,17,7,'ORDERED','2015-06-05',5,6,2015),(131,15,6,'ORDERED','2015-06-05',5,6,2015),(132,17,9,'APPROVED','2015-06-15',15,6,2015);

/*Table structure for table `platform` */

DROP TABLE IF EXISTS `platform`;

CREATE TABLE `platform` (
  `PlatformID` int(11) unsigned NOT NULL AUTO_INCREMENT,
  `Name` varchar(15) DEFAULT NULL,
  PRIMARY KEY (`PlatformID`)
) ENGINE=InnoDB AUTO_INCREMENT=8 DEFAULT CHARSET=utf8;

/*Data for the table `platform` */

insert  into `platform`(`PlatformID`,`Name`) values (1,'PS4'),(2,'XBOX_ONE'),(3,'PS3'),(4,'XBOX_360'),(5,'Wii'),(6,'3DS'),(7,'PC');

/*Table structure for table `user` */

DROP TABLE IF EXISTS `user`;

CREATE TABLE `user` (
  `UserID` int(11) unsigned NOT NULL AUTO_INCREMENT,
  `Password` varchar(130) DEFAULT NULL,
  `Approved` varchar(10) DEFAULT NULL,
  `Level` varchar(13) DEFAULT NULL,
  `Title` varchar(4) DEFAULT NULL,
  `Forename` varchar(30) DEFAULT NULL,
  `Surname` varchar(30) DEFAULT NULL,
  `Email` varchar(30) DEFAULT NULL,
  `AccessLevel` varchar(15) DEFAULT NULL,
  `HomePhone` varchar(15) DEFAULT NULL,
  `Mobile` varchar(15) DEFAULT NULL,
  `Address` varchar(50) DEFAULT NULL,
  `Balance` float DEFAULT NULL,
  PRIMARY KEY (`UserID`)
) ENGINE=InnoDB AUTO_INCREMENT=25 DEFAULT CHARSET=utf8;

/*Data for the table `user` */

insert  into `user`(`UserID`,`Password`,`Approved`,`Level`,`Title`,`Forename`,`Surname`,`Email`,`AccessLevel`,`HomePhone`,`Mobile`,`Address`,`Balance`) values (1,'21232f297a57a5a743894a0e4a801fc3','Yes','Gold','Mr','Robert','Forde','admin@gmail.com','Administrator','01 7654736','099 4327436','1 Main Street, Dublin 1',0),(2,'21232f297a57a5a743894a0e4a801fc3','Yes','Gold','Mr','Alan','Brady','admin@hotmail.com','Administrator','01 7372934','099 7649974','2 Main Street, Dublin 1',0),(3,'7c6a180b36896a0a8c02787eeafb0e4c','Yes','Bronze','Mr','Joe','Bloggs','jbloggs@gmail.com','User','01 6738295','098 3433422','235 Main Street, Dublin 1',0),(4,'6cb75f652a9b52798eb6cf2201057c73','No','Bronze','Mr','Thomas','Fitzpatrick','tfitzpatrick@gmail.com','User','041 877329','099 8739873','94 Castle Avenue, Drogheda, Co Louth',0),(5,'819b0643d6b89dc9b579fdfc9094f28e','Yes','Bronze','Mr','Joe','Bloggs','jbloggs@gmail.com','User','01 5438543','086 7346233','23 O\'Connoll Street, Dublin 1',0),(6,'34cc93ece0ba9e3f6f235d4af979b16c','Yes','Bronze','Mr','John','Dawson','dawsonjohn@gmail.com','User','01 4354233','087 4637246','12 Dame Street, Dublin 2',0),(7,'db0edd04aaac4506f7edab03ac855d56','Yes','Bronze','Ms','Gene','Williams','williamsgene@gmail.com','User','01 6723456','088 6453243','23 Wicklow Street, Dublin 1',0),(8,'218dd27aebeccecae69ad8408d9a36bf','Yes','Bronze','Mrs','Jane','Brown','brownj@gmail.com','User','02 6446323','085 6764536','99 Dame Street, Dublin 2',46.1),(9,'00cdb7bb942cf6b290ceb97d6aca64a3','Yes','Bronze','Mr','Tom','Johnson','johnsontom@hotmail.com','User','01 7864374','085 5647325','22 Catterat Street, Dublin 15',145.29),(10,'b25ef06be3b6948c0bc431da46c2c738','Yes','Bronze','Ms','Tara','James','robert-forde@hotmail.com','User','023 6743754','086 6436233','122 Bandon, Co Cork',0),(11,'00cdb7bb942cf6b290ceb97d6aca64a3','Yes','Bronze','Mr','Tom','Jones','robert-forde@hotmail.com','User','064 43432','089 54357643','45 Listowel, Co. Kerry',198.23),(12,'87e897e3b54a405da144968b2ca19b45','Yes','Gold','Mr','David','Gill','gilldav@hotmail.com','User','01 8746344','087 764738','42 Liffey Street, Dublin 1',237.5),(13,'1e5c2776cf544e213c3d279c40719643','Yes','Bronze','Mr','Kenneth','Dolan','dolankenneth6542@gmail.com','User','01 98543574','089 45356463','2 Westmoreland Street, Dublin 2',0),(14,'c24a542f884e144451f9063b79e7994e','Yes','Bronze','Ms','Kiera','Duff','duff34212@hotmail.com','User','01 8754643','085 8977434','23 Clondalkin, Dublin 22',0),(15,'ee684912c7e588d03ccb40f17ed080c9','Yes','Bronze','Mr','Gerard','Forde','fordeger123@gmail.com','User','01 6532532','086 5438866','345 O\'Connoll Street, Dublin 1',200),(16,'8ee736784ce419bd16554ed5677ff35b','Yes','Gold','Ms','Ciara','Fitzpatrick','fitzer998@hotmail.com','User','01 7854354','085 58473564','78 Main Street, Dublin 13',247.99),(17,'9141fea0574f83e190ab7479d516630d','Yes','Gold','Mr','Bryan','Williams','willobryan@hotmail.com','User','01 89745365','087 8754474','14 Malahide Road, Dublin 5',211.01),(19,'427783d906067832f760010052220d9e','No','Bronze','Mr','Alan','Brady','albrady@gmail.com','User','78676756','08565746347','35 Griffith College',0),(24,'1a1dc91c907325c69271ddf0c944bc72','Yes','Bronze','Mr','Temp','User','temp@gmail.com','User','','','',956.67);

/*Table structure for table `views` */

DROP TABLE IF EXISTS `views`;

CREATE TABLE `views` (
  `ViewID` int(11) unsigned NOT NULL AUTO_INCREMENT,
  `GameId` int(11) unsigned NOT NULL,
  `UserId` int(11) unsigned NOT NULL,
  `ViewDate` date DEFAULT NULL,
  PRIMARY KEY (`ViewID`),
  KEY `FK_viewsUser` (`UserId`),
  KEY `NewIndex1` (`GameId`),
  CONSTRAINT `FK_viewsGame` FOREIGN KEY (`GameId`) REFERENCES `game` (`GameID`),
  CONSTRAINT `FK_viewsUser` FOREIGN KEY (`UserId`) REFERENCES `user` (`UserID`)
) ENGINE=InnoDB AUTO_INCREMENT=313 DEFAULT CHARSET=utf8;

/*Data for the table `views` */

insert  into `views`(`ViewID`,`GameId`,`UserId`,`ViewDate`) values (1,1,3,'2015-04-21'),(2,4,4,'2015-05-01'),(3,5,4,'2015-05-01'),(4,2,4,'2015-05-02'),(5,5,3,'2015-05-03'),(6,5,4,'2015-05-03'),(9,6,3,'2015-05-03'),(10,6,3,'2015-05-04'),(11,4,4,'2015-05-04'),(12,5,3,'2015-05-05'),(13,5,4,'2015-05-05'),(14,7,3,'2015-05-05'),(15,1,3,'2015-05-10'),(16,4,4,'2015-05-12'),(17,2,5,'2015-05-14'),(18,2,6,'2015-05-15'),(19,4,4,'2015-05-15'),(20,6,5,'2015-05-16'),(21,1,3,'2015-05-16'),(22,2,3,'2015-05-16'),(23,5,4,'2015-05-16'),(24,5,5,'2015-05-17'),(25,6,3,'2015-05-17'),(26,6,6,'2015-05-17'),(27,2,4,'2015-05-17'),(28,1,3,'2015-05-18'),(29,9,5,'2015-05-19'),(30,9,4,'2015-05-19'),(31,9,3,'2015-05-19'),(32,9,7,'2015-05-19'),(35,9,1,'2015-06-15'),(36,9,1,'2015-06-15'),(37,9,1,'2015-06-15'),(38,9,1,'2015-06-15'),(39,6,1,'2015-06-15'),(40,6,1,'2015-06-15'),(41,6,1,'2015-06-15'),(42,1,1,'2015-06-15'),(43,4,1,'2015-06-15'),(44,4,1,'2015-06-16'),(45,4,1,'2015-06-16'),(46,4,1,'2015-06-16'),(47,4,1,'2015-06-16'),(48,4,1,'2015-06-16'),(49,4,1,'2015-06-16'),(50,4,1,'2015-06-16'),(51,4,1,'2015-06-16'),(52,4,1,'2015-06-16'),(53,4,1,'2015-06-16'),(54,4,1,'2015-06-16'),(55,4,1,'2015-06-16'),(56,4,1,'2015-06-16'),(57,4,1,'2015-06-16'),(58,4,1,'2015-06-16'),(59,4,1,'2015-06-16'),(60,9,1,'2015-06-16'),(61,6,1,'2015-06-16'),(62,7,1,'2015-06-16'),(63,7,1,'2015-06-16'),(64,7,1,'2015-06-16'),(65,7,1,'2015-06-16'),(66,7,1,'2015-06-16'),(67,7,1,'2015-06-16'),(68,7,1,'2015-06-16'),(69,7,1,'2015-06-16'),(70,7,1,'2015-06-16'),(71,7,1,'2015-06-16'),(72,7,1,'2015-06-16'),(73,7,1,'2015-06-16'),(74,7,1,'2015-06-16'),(75,7,1,'2015-06-16'),(76,7,1,'2015-06-16'),(77,7,1,'2015-06-16'),(78,7,1,'2015-06-16'),(79,7,1,'2015-06-16'),(80,7,1,'2015-06-16'),(81,7,1,'2015-06-16'),(82,7,1,'2015-06-16'),(83,7,1,'2015-06-16'),(84,7,1,'2015-06-16'),(85,7,1,'2015-06-16'),(86,7,1,'2015-06-16'),(87,9,1,'2015-06-16'),(88,9,1,'2015-06-16'),(89,7,1,'2015-06-16'),(90,7,1,'2015-06-16'),(91,7,1,'2015-06-16'),(92,9,1,'2015-06-16'),(93,6,1,'2015-06-16'),(94,9,1,'2015-06-16'),(95,9,1,'2015-06-17'),(96,9,1,'2015-06-17'),(97,9,1,'2015-06-17'),(98,9,1,'2015-06-17'),(99,9,1,'2015-06-17'),(100,9,1,'2015-06-17'),(101,9,1,'2015-06-17'),(102,9,1,'2015-06-17'),(103,9,1,'2015-06-17'),(104,9,1,'2015-06-17'),(105,9,1,'2015-06-17'),(106,9,1,'2015-06-17'),(107,9,1,'2015-06-17'),(108,9,1,'2015-06-17'),(109,9,1,'2015-06-17'),(110,9,1,'2015-06-17'),(111,9,1,'2015-06-17'),(112,9,1,'2015-06-17'),(113,9,1,'2015-06-17'),(114,9,1,'2015-06-17'),(115,9,1,'2015-06-17'),(116,9,1,'2015-06-17'),(117,9,1,'2015-06-17'),(118,9,1,'2015-06-17'),(119,9,1,'2015-06-17'),(120,9,1,'2015-06-17'),(121,9,1,'2015-06-17'),(122,9,1,'2015-06-17'),(123,9,1,'2015-06-17'),(124,9,1,'2015-06-17'),(125,9,1,'2015-06-17'),(126,9,1,'2015-06-17'),(127,9,1,'2015-06-17'),(128,9,1,'2015-06-17'),(129,9,1,'2015-06-17'),(130,9,1,'2015-06-17'),(131,9,1,'2015-06-17'),(132,9,1,'2015-06-17'),(133,9,1,'2015-06-17'),(134,9,1,'2015-06-17'),(135,9,1,'2015-06-17'),(136,9,1,'2015-06-17'),(137,9,1,'2015-06-17'),(138,6,1,'2015-06-17'),(139,9,1,'2015-06-17'),(140,6,17,'2015-06-17'),(141,6,17,'2015-06-17'),(142,9,17,'2015-06-17'),(143,9,17,'2015-06-17'),(144,9,17,'2015-06-17'),(145,9,17,'2015-06-17'),(146,9,17,'2015-06-17'),(147,9,17,'2015-06-17'),(148,9,1,'2015-06-17'),(149,9,17,'2015-06-17'),(150,9,17,'2015-06-17'),(151,9,17,'2015-06-17'),(152,9,17,'2015-06-17'),(153,9,17,'2015-06-17'),(154,9,17,'2015-06-17'),(155,9,17,'2015-06-17'),(156,9,17,'2015-06-17'),(157,9,17,'2015-06-17'),(158,9,17,'2015-06-17'),(159,9,17,'2015-06-17'),(160,9,17,'2015-06-17'),(161,9,17,'2015-06-17'),(162,9,17,'2015-06-17'),(163,9,17,'2015-06-17'),(164,9,17,'2015-06-17'),(165,9,17,'2015-06-17'),(166,9,17,'2015-06-17'),(167,9,17,'2015-06-17'),(168,9,1,'2015-06-17'),(169,9,17,'2015-06-17'),(170,9,17,'2015-06-17'),(171,9,17,'2015-06-17'),(172,9,17,'2015-06-17'),(173,9,17,'2015-06-17'),(174,9,17,'2015-06-17'),(175,9,17,'2015-06-17'),(176,9,17,'2015-06-17'),(177,9,17,'2015-06-17'),(178,9,17,'2015-06-17'),(179,9,17,'2015-06-17'),(180,9,17,'2015-06-17'),(181,9,17,'2015-06-17'),(182,9,17,'2015-06-17'),(183,9,17,'2015-06-17'),(184,9,17,'2015-06-17'),(185,9,17,'2015-06-17'),(186,1,17,'2015-06-17'),(187,2,17,'2015-06-17'),(188,2,1,'2015-06-17'),(189,2,17,'2015-06-17'),(190,1,17,'2015-06-17'),(191,2,17,'2015-06-17'),(192,2,17,'2015-06-17'),(193,2,17,'2015-06-17'),(194,2,17,'2015-06-17'),(195,2,17,'2015-06-17'),(196,2,1,'2015-06-17'),(197,2,1,'2015-06-17'),(198,1,1,'2015-06-17'),(199,6,1,'2015-06-17'),(200,4,1,'2015-06-17'),(201,8,1,'2015-06-17'),(202,7,1,'2015-06-17'),(203,7,1,'2015-06-17'),(204,1,1,'2015-06-17'),(205,1,1,'2015-06-17'),(206,10,1,'2015-06-17'),(207,10,1,'2015-06-17'),(208,11,1,'2015-06-17'),(209,12,1,'2015-06-17'),(210,13,1,'2015-06-18'),(211,14,1,'2015-06-18'),(212,14,1,'2015-06-18'),(213,14,1,'2015-06-18'),(214,15,1,'2015-06-18'),(215,16,1,'2015-06-18'),(216,16,1,'2015-06-18'),(217,16,1,'2015-06-18'),(218,16,1,'2015-06-18'),(219,16,1,'2015-06-18'),(220,16,1,'2015-06-18'),(221,16,1,'2015-06-18'),(222,16,1,'2015-06-18'),(223,16,1,'2015-06-18'),(224,15,1,'2015-06-18'),(225,16,1,'2015-06-18'),(226,9,1,'2015-06-18'),(227,14,1,'2015-06-18'),(228,11,1,'2015-06-18'),(229,4,1,'2015-06-18'),(230,16,1,'2015-06-18'),(231,10,1,'2015-06-18'),(232,15,17,'2015-06-18'),(233,15,1,'2015-06-18'),(234,15,1,'2015-06-18'),(235,12,1,'2015-06-18'),(236,12,17,'2015-06-18'),(237,12,17,'2015-06-18'),(238,12,17,'2015-06-18'),(239,12,1,'2015-06-18'),(240,12,1,'2015-06-18'),(241,12,1,'2015-06-18'),(242,12,1,'2015-06-18'),(243,12,1,'2015-06-18'),(244,12,1,'2015-06-18'),(245,9,1,'2015-06-18'),(246,14,1,'2015-06-18'),(247,14,1,'2015-06-18'),(248,10,1,'2015-06-18'),(249,11,1,'2015-06-18'),(250,16,1,'2015-06-18'),(251,15,1,'2015-06-18'),(252,9,1,'2015-06-18'),(253,1,1,'2015-06-18'),(254,6,1,'2015-06-18'),(255,2,1,'2015-06-18'),(256,4,1,'2015-06-18'),(257,7,1,'2015-06-18'),(258,17,17,'2015-06-18'),(259,17,1,'2015-06-18'),(260,17,1,'2015-06-18'),(261,17,1,'2015-06-18'),(262,18,1,'2015-06-18'),(263,18,17,'2015-06-18'),(264,18,1,'2015-06-18'),(265,19,1,'2015-06-18'),(266,19,17,'2015-06-18'),(267,19,1,'2015-06-18'),(268,19,1,'2015-06-18'),(269,20,1,'2015-06-18'),(270,20,1,'2015-06-18'),(271,21,1,'2015-06-18'),(272,21,17,'2015-06-18'),(273,21,1,'2015-06-18'),(274,22,1,'2015-06-18'),(275,22,17,'2015-06-18'),(276,23,1,'2015-06-18'),(277,23,1,'2015-06-18'),(278,23,1,'2015-06-18'),(279,23,1,'2015-06-18'),(280,23,1,'2015-06-18'),(281,23,17,'2015-06-18'),(282,23,1,'2015-06-18'),(283,23,1,'2015-06-18'),(284,23,1,'2015-06-18'),(285,23,1,'2015-06-18'),(286,23,1,'2015-06-18'),(287,23,17,'2015-06-18'),(288,23,1,'2015-06-18'),(289,24,1,'2015-06-18'),(290,24,1,'2015-06-18'),(291,24,1,'2015-06-18'),(292,24,17,'2015-06-18'),(293,25,1,'2015-06-18'),(294,25,17,'2015-06-18'),(295,25,1,'2015-06-18'),(296,26,1,'2015-06-19'),(297,26,1,'2015-06-19'),(298,26,17,'2015-06-19'),(299,27,1,'2015-06-19'),(300,27,17,'2015-06-19'),(301,27,1,'2015-06-19'),(302,28,1,'2015-06-19'),(303,28,17,'2015-06-19'),(304,28,1,'2015-06-19'),(305,29,1,'2015-06-19'),(306,29,17,'2015-06-19'),(307,29,1,'2015-06-19'),(308,1,1,'2015-06-19'),(309,30,1,'2015-06-19'),(310,30,17,'2015-06-19'),(311,30,1,'2015-06-19'),(312,15,1,'2015-06-26');

/*!40101 SET SQL_MODE=@OLD_SQL_MODE */;
/*!40014 SET FOREIGN_KEY_CHECKS=@OLD_FOREIGN_KEY_CHECKS */;
/*!40014 SET UNIQUE_CHECKS=@OLD_UNIQUE_CHECKS */;
/*!40111 SET SQL_NOTES=@OLD_SQL_NOTES */;
